"from_id","from_name","message","created_time","type","link","id","likes_count","comments_count","shares_count"
"168604352600","天蠍座(Scorpio) - 10/24~11/22","有些人,我們一直在錯過

有些愛 不是我說了算
有些愛 痛過了才知愛","2014-07-15T15:56:17+0000","link","http://www.hook.com.tw/archives/5634","168604352600_10152185266792601",6405,69,477
"168604352600","天蠍座(Scorpio) - 10/24~11/22",NA,"2014-07-15T13:49:52+0000","status",NA,"168604352600_10152185104327601",0,0,0
"168604352600","天蠍座(Scorpio) - 10/24~11/22","很棒的星座粉絲團
小熊還會跟粉絲互動聊天
天蠍大自己每天都會去看看分析
不知道我們這的天蠍朋友有人加入過嗎？

在這邊：https://www.facebook.com/blues.bear","2014-07-15T13:46:02+0000","link","https://www.facebook.com/blues.bear","168604352600_10152185099852601",1559,13,0
"168604352600","天蠍座(Scorpio) - 10/24~11/22","天蠍座人冷靜、精明、忠於自己的欲望，不理會別人的想法；專橫霸道，擅于保密及掩飾真相；個性陰沉、讓人捉摸不定。全神貫注是天蠍座人最大的特色，因此一旦確立目標後，就會全………全文分析<U+25BA><U+25BA>http://bit.ly/1nodZYv","2014-07-14T16:04:51+0000","link","http://bit.ly/1nodZYv","168604352600_10152183416002601",7030,44,498
"168604352600","天蠍座(Scorpio) - 10/24~11/22","天蠍座都喜歡玩猜心遊戲，不喜歡明講，只是希望別人能瞭解自己內心深處的想法。就如點菜，她說隨便，不代表她沒主見，只是希望你選的菜剛好是她想要的，如你一直沒有說中，她不會提出，但是會沉默積累，最後統一爆發，搞定這樣的藍色性格，就看你有沒有能力走入並讀懂其內心。

鎖定更多消息請上<U+25BA><U+25BA> 天蠍座(Scorpio) - 10/24~11/22","2014-07-14T15:10:57+0000","photo","https://www.facebook.com/photo.php?fbid=10152183322962601&set=a.10150304825452601.335630.168604352600&type=1&relevant_count=1","168604352600_10152183323162601",11929,216,1056
"168604352600","天蠍座(Scorpio) - 10/24~11/22","太多的虛情假意讓人信以為真，
眼裡看的美好原來非真心真意。

行為是可以被包裝、被修飾，
真心卻需要去了解、去體會，
我用真心面對你，是否也可真心對我？","2014-07-14T14:18:38+0000","photo","https://www.facebook.com/photo.php?fbid=246074048921014&set=a.235915079936911.1073741827.235913539937065&type=1","168604352600_10152183245242601",8169,32,2
"301381833373508","壽司","天蠍座感情、愛情很豐富。

對愛與情都很深入，就好比已經是你一輩子跟對的人
會用盡一切的方法去照顧她，證明我是真得很愛妳

只是；一但分開了，是不是很難爬起來！？

想要忘掉根本是不可能的事情，要忘掉一切真得很難。
每當要忘釣一切了，總是就會找到她留過的痕跡...
一幕一幕的從腦海裡跑出一道跑馬燈，想忘也很難
要忘掉一切，可能要花上半年至一年，甚至一年以上。

不知道，各位""天蠍座""的朋友們，你們是否也是也有經歷過呢！？","2014-07-14T03:53:02+0000","photo","https://www.facebook.com/photo.php?fbid=300749266770098&set=o.168604352600&type=1","168604352600_300749266770098",8,0,0
"168604352600","天蠍座(Scorpio) - 10/24~11/22","【12星座發怒時會怎麼樣】猜猜天蠍會怎樣？
白羊:脾氣來的快去的快； 
金牛:倔驢非得要你好看；
雙子:小孩子耍脾氣； 
巨蟹:給個抱抱最管用；
獅子:冷靜只能靠自己；
.
真的每個人發火都不一樣--->【http://bit.ly/15QlbXS】","2014-07-14T03:30:01+0000","link","http://bit.ly/15QlbXS】","168604352600_10152182121532601",3057,51,198
"168604352600","天蠍座(Scorpio) - 10/24~11/22",NA,"2014-07-13T21:30:08+0000","status",NA,"168604352600_10152182084117601",0,0,0
"168604352600","天蠍座(Scorpio) - 10/24~11/22","對不起∼請容許我罵該死∼","2014-07-13T21:27:40+0000","status",NA,"168604352600_10152182078812601",2180,82,3
"168604352600","天蠍座(Scorpio) - 10/24~11/22","可惡！！還沒得分
有人還撐住沒睡嗎？","2014-07-13T20:53:43+0000","status",NA,"168604352600_10152182026302601",3453,185,3
"1436293669983201","琪琪憨憨的","嗨∼
這裡有台中的蠍子嗎？
我是台中人呦！","2014-07-13T16:37:20+0000","status",NA,"168604352600_10152181585152601",1,1,0
"168604352600","天蠍座(Scorpio) - 10/24~11/22","今晚有人要熬夜看足球？","2014-07-13T16:30:26+0000","status",NA,"168604352600_10152181574697601",2632,157,2
"168604352600","天蠍座(Scorpio) - 10/24~11/22","天蠍這個複雜的星座,無論是他們想的還是說的,都常常讓人覺得很不能理解。要愛天蠍,請確定你是不是個很耐心的人,是不是覺得他們想的很多也是種可愛,天蠍總是………全文分析<U+25BA><U+25BA>http://bit.ly/1m77JEa","2014-07-13T14:31:12+0000","link","http://bit.ly/1m77JEa","168604352600_10152181386527601",8968,84,823
"506718262763762","游冠坤","當蠍子為了一人
願意收起那毒針

絕不是將毒針拔掉
而是將針面向自己

只有我這隻蠍子是這樣嗎?","2014-07-13T13:06:45+0000","status",NA,"168604352600_10152181289557601",7,2,0
"168604352600","天蠍座(Scorpio) - 10/24~11/22","如果天蠍想你了，天蠍會掏出手機，看看有沒有你的短信；天蠍會用拇指在手機上飛速的打下一連串問候，最後卻沒有按下發送鍵。天蠍會想，你是否會想自己呢？如果天蠍想你了，晚上做夢也夢到朦朧的你。其實，每個人的心裡，都有讓你思念的人。有時候思念是自己也沒辦法控制的。

鎖定更多消息請上<U+25BA><U+25BA> 天蠍座(Scorpio) - 10/24~11/22","2014-07-12T14:17:50+0000","photo","https://www.facebook.com/photo.php?fbid=10152179635137601&set=a.10150304825452601.335630.168604352600&type=1&relevant_count=1","168604352600_10152179635312601",14560,266,1430
"168604352600","天蠍座(Scorpio) - 10/24~11/22","你總是問我：你還好嗎？
我總是回答：我沒事！

我真的沒事，只是心底有點不踏實；
我真的沒事，只是心中有點小孤獨；
我真的沒事，只是心裡有點覺得累。

下次，如果我說我沒事，
請你先帶我逃離這城市！","2014-07-12T13:09:41+0000","photo","https://www.facebook.com/photo.php?fbid=242762225918863&set=a.235915079936911.1073741827.235913539937065&type=1","168604352600_10152179542877601",9838,78,15
"168604352600","天蠍座(Scorpio) - 10/24~11/22","我們被誤會習慣了，或許夜晚是最好的療傷系統 
我覺得天蠍座的人就是世界上最虛偽的人,我不知道他們為什麼能對著全世界驕傲的笑著回家，然後在被窩裡流一夜的淚，想一夜的過去。我發現蝎子都是活在記憶裡的人。其實每天好累都…(全文分析<U+25BA><U+25BA>http://bit.ly/1b0cb5G)","2014-07-12T12:40:01+0000","link","http://bit.ly/1b0cb5G","168604352600_10152179176332601",10687,132,1117
"168604352600","天蠍座(Scorpio) - 10/24~11/22","天蝎座常常內心糾結，卻不想解釋太多 

天蠍座付出的時候內心異常的糾結，是真誠沒有虛假，但是每當邁出一步是小心翼翼，對方的一句話一個動作，有時是無意識的也會引起聯想而決定蠍子的行為，忽冷忽熱的原因就在這裡，很多人是…(全文分析<U+25BA><U+25BA>http://bit.ly/1fv8Z2Q)","2014-07-12T07:48:57+0000","link","http://bit.ly/1fv8Z2Q","168604352600_10152179176712601",9913,107,910
"306177692877300","Zhulun Chen","當
一個不是你的錯
卻要你來承擔後果
請問蠍蠍們怎麼做?","2014-07-11T15:48:20+0000","status",NA,"168604352600_10152178072492601",3,1,0
"168604352600","天蠍座(Scorpio) - 10/24~11/22","天蠍漸漸安靜習慣了
沈默也變得理所當然
寧願安靜一個人 也不願多解釋","2014-07-11T15:35:01+0000","link","http://www.hook.com.tw/archives/5564","168604352600_10152177923757601",12629,112,1067
"807763462580825","黃士豪","有沒有１９８３／１１／２０的天蠍好朋友可以認識一下呀？？∼＊","2014-07-10T21:29:15+0000","photo","https://www.facebook.com/photo.php?fbid=813505378673300&set=o.168604352600&type=1","168604352600_813505378673300",1,0,0
"168604352600","天蠍座(Scorpio) - 10/24~11/22","如果蠍子為了心愛的人拔掉了身上的刺，卸下所有的偽裝，心碎的蠍子該如何療傷。讓蠍子拔掉刺的那個人在蠍子受傷的時候你可否撿起他的憂傷，守護他………全文分析<U+25BA><U+25BA>http://bit.ly/1omPETV","2014-07-10T16:04:29+0000","link","http://bit.ly/1omPETV","168604352600_10152176204242601",8721,97,893
"168604352600","天蠍座(Scorpio) - 10/24~11/22","每個人的心中都有一把尺，
想用自己的角度去看世界。

如果你不是我，請不要輕易的批評我；
如果你不是我，請勿用你的尺控制我；
如果你不是我，請你試著先來了解我！

我們都該學會感同身受，
彼此才會懂得珍惜感受！","2014-07-10T13:29:10+0000","photo","https://www.facebook.com/photo.php?fbid=244883665706719&set=a.235915079936911.1073741827.235913539937065&type=1","168604352600_10152176015662601",9221,50,14
"168604352600","天蠍座(Scorpio) - 10/24~11/22","天蠍座難以接受當面的指責，請不要隨時想挑戰 ，雖說天蠍不會主動參與到矛盾的是是非非中去，但如果紛擾主動找上他們，潛在的火爆脾氣肯定會驚到你。天蠍本身就特別反感別人對自己說三道四，不管有沒有道理，都難以………全文分析<U+25BA><U+25BA>http://bit.ly/Vzh0PK","2014-07-09T14:05:00+0000","link","http://bit.ly/Vzh0PK","168604352600_10152170878152601",8756,139,831
"904788529547188","黃士軒","我是天蠍座 O型耶~有沒有人願意以朋友方式開始認識的？
我很缺朋友","2014-07-08T15:13:35+0000","status",NA,"168604352600_10152172637152601",2,0,0
"168604352600","天蠍座(Scorpio) - 10/24~11/22","天蠍也有辛酸苦楚，不說罷了。天蠍也有執念不放，不說罷了。天蠍也有千回百轉，不說罷了。天蠍不是裝傻賣乖，不說罷了。不是天蠍未看見，不是天蠍沒想過，不是天蠍不懂得，只是不說罷了

鎖定更多消息請上<U+25BA><U+25BA> 天蠍座(Scorpio) - 10/24~11/22","2014-07-08T13:37:04+0000","photo","https://www.facebook.com/photo.php?fbid=10152172517277601&set=a.10150304825452601.335630.168604352600&type=1&relevant_count=1","168604352600_10152172517427601",14050,174,1491
"520449354768453","雷帝克拉","天蠍座女生 哈~願意跟我交朋友嗎? ++... >:o","2014-07-08T10:46:28+0000","status",NA,"168604352600_10152172353932601",1,0,0
"273052759566968","黎玄","感覺天蠍座的人有點像這樣
FROM: 白雪之繪","2014-07-08T07:43:11+0000","photo","https://www.facebook.com/photo.php?fbid=270658336473077&set=o.168604352600&type=1","168604352600_270658336473077",2,0,0
"168604352600","天蠍座(Scorpio) - 10/24~11/22","天蠍座有時候越想要握緊卻也越簡單鬆開 
天蠍，很容易放棄。人們都說，天蠍執著而緊抓不捨。實際上，天蠍很容易放棄。不是放棄別人，放棄什麼東西，而是放棄自己。求不得，只能放棄。或許有些天蠍的…(全文分析<U+25BA><U+25BA>http://bit.ly/HiBAMS)","2014-07-08T05:51:27+0000","link","http://bit.ly/HiBAMS","168604352600_10152172092202601",10221,69,1041
"168604352600","天蠍座(Scorpio) - 10/24~11/22","你也是容易心急的天蠍嗎？
趕快看看這篇分析對你有幫助喔！","2014-07-07T15:35:00+0000","link","http://www.hook.com.tw/archives/5527","168604352600_10152170762302601",5775,49,457
"168604352600","天蠍座(Scorpio) - 10/24~11/22","【十二星座最沒口德排行榜】
第一名：天蠍座 <---無奈啦！是幽默∼大家誤會了
第二名：牡羊座
第三名：雙子座","2014-07-07T08:54:46+0000","photo","https://www.facebook.com/photo.php?fbid=257789424407315&set=a.220400348146223.1073741827.220383298147928&type=1","168604352600_10152170401642601",5818,154,14
"520449354768453","雷帝克拉","Ｏ型  天蠍座
          想要以一句話來解釋清楚Ｏ型天蠍座的性格，這是極為困難的。Ｏ型表現在外的氣質是：具有彈性的冷靜態度，而且對時間、地點、場合的反應極靈敏。天蠍座本身就具有下列特性：俗氣、持有堅固的信念、確實保持住自己的領域。這兩種全然不同的性格結合在一個人的身上，於是就時有衝突發生。

         所以，雖然同樣是Ｏ型天蠍座的人，因人而異同樣會出現某種程度的差別。就是同一個人，也會依時間、地點的不同，而表現全然不同的個性。 

         Ｏ型天蠍座的特色，可用其強硬的意志力來做代表。這類型的人，平時很少談自己，和人初見面時，給人軟弱無能的印象。事實上，這種人的個性深沈，並且擁有強硬的意志力。這種強硬的意志力， 恰如磐石般穩固的令人吃驚。 
          這類型的人另外還有一個特徵，那就是具有豐富的想像力。他們不是積極和人交往的類型，但是當他們找到合適的人，就會徹底信賴對方，並且坦誠地和對方交往。運用他們敏銳的第六感和豐富的想像力，他們就能把握住對方的心思。 

        由於這類型的人較為深沈的緣故，所以比較沈默，不會說些奉承他人的話。因為這種個性，也許會給人一種難以應付的感覺。對於個性不合的人，也許更會帶給對方冷漠的印象。 
        然而這類型的人，本來是誠實而且心地善良的人。他們注重信諾，一旦說出口的事無論如何都會恪遵到底；他們對親密交往的人有絕對的信賴。只不過因為很暴露自己的心情，於是就故意隱瞞。因此有將自己關閉在內心世界的傾向。這種人獨佔慾也是相當的強，一旦到手的東西絕不鬆手，因此很容易捲進這種個性所帶來的糾紛中。 
          期於強烈的意志力，Ｏ型天蠍座的人極容易形成頑固、倔強的性格。他們不會明顯的表露在行為上，但是在內心的自信和自尊是不輸任何人的。對他人的意見和忠告，是不會生氣反駁，但是他們也不會接納那些建議，仍舊是按照自己的信念而行動。 
                                  【對您的忠告】 
        若是給人的神秘感太過強烈的話，就連善意的誠實也會遭誤解；這一點要特別注意。 

天蠍座女子之愛            天蠍座的女生－冷鬱神情，教人痴迷

　　天蠍座的女生有著動如脫兔、靜若處子的性格，就算躲在角落，也很難讓人忽略。一向喜歡獨特、簡單、華麗款式的妳，如果能注重眼部和嘴唇的化妝將會更迷人，因為沒有人比妳更適合詮釋驕傲、倔強、冷豔的美麗。

　　如何讓自己在舉手投足，甚至嘆息的音調上更性感，將是你開啟桃花運的重點。

　　天蠍的女生常常是不說話則已，一說話就非常驚人。擅長觀察人的妳，總是可以輕易看穿人的想法，說話時常一針見血是妳給人的印象，侵略性的言詞，往往在無意中出自看似沉靜的妳口中，冷嘲熱諷的說話技巧讓妳總能運用自如，雖不討好人，但對人總出自真心和熱誠。在追求者還沒展開攻勢前，就能預測他會有什麼動作。只要能將敏銳的讀心術運用妥當，妳的善解人意和巧思都能讓人驚喜不已。

　　激烈性格、激烈情感、火熱的痴迷眼神，都叫人忍不住想和妳談戀愛。燃燒變成灰燼才罷休，是妳對感情的要求，熱烈、認真的妳只要開口要求：「請認真的愛我好嗎？」很少有人能抗拒妳懇切又熱情的態度，這招對交往不深卻希望迅速進入熱戀的妳很有效。

1 天蠍女O型 : 他們想要的關心 是哪種
→讓她知道你關心她即可,不要替她到處宣傳。

2 天蠍女O型 : 要怎麼讓 她不害羞呢
→不要讓她成為大家的話題(不然她一定否認到底),除非她很愛出風頭

3 天蠍女O型 : 她想要戀愛的哪種感覺
→男生要很有學問,有才華,而且對她的麻煩及疑問都能很輕易的解開,也很甘願替她解除煩惱,她心裡有幸福的感覺。

4 天蠍女O型 : 她會喜歡 男生粘一點呢 還是 不粘呢 

→不要太粘。只要你能向她報告行<U+8E2A>(尤其跟她約會可能遲到半小時以上的時候),就OK了,不然你一定要有很好的理由,O型的天蠍女的聰明(應該說厲害)真是讓你覺得她可能在你身上裝了什麼追<U+8E2A>器或監聽器之類的東西(我老公常這樣說我)。","2014-07-07T08:12:07+0000","status",NA,"168604352600_10152170362452601",7,0,0
"520449354768453","雷帝克拉","https://tw.knowledge.yahoo.com/question/question;_ylt=A8tUwYcNU7pTgTAAQldr1gt.;_ylu=X3oDMTE0Z25yNXFtBHNlYwNzcgRwb3MDMgRjb2xvA3R3MQR2dGlkA1ZJUFRXNzZfMQ--?qid=1007120707830","2014-07-07T08:07:49+0000","status",NA,"168604352600_10152170359292601",0,0,0
"520449354768453","雷帝克拉","https://tw.knowledge.yahoo.com/question/question;_ylt=A8tUwYcNU7pTgTAAQldr1gt.;_ylu=X3oDMTE0Z25yNXFtBHNlYwNzcgRwb3MDMgRjb2xvA3R3MQR2dGlkA1ZJUFRXNzZfMQ--?qid=1007120707830","2014-07-07T08:07:43+0000","link","https://tw.knowledge.yahoo.com/question/question;_ylt=A8tUwYcNU7pTgTAAQldr1gt.;_ylu=X3oDMTE0Z25yNXFtBHNlYwNzcgRwb3MDMgRjb2xvA3R3MQR2dGlkA1ZJUFRXNzZfMQ--?qid=1007120707830","168604352600_515061848640537",0,0,0
"520449354768453","雷帝克拉","https://tw.knowledge.yahoo.com/question/question;_ylt=A8tUwYcNU7pTgTAAQldr1gt.;_ylu=X3oDMTE0Z25yNXFtBHNlYwNzcgRwb3MDMgRjb2xvA3R3MQR2dGlkA1ZJUFRXNzZfMQ--?qid=1007120707830","2014-07-07T08:07:34+0000","link","https://tw.knowledge.yahoo.com/question/question;_ylt=A8tUwYcNU7pTgTAAQldr1gt.;_ylu=X3oDMTE0Z25yNXFtBHNlYwNzcgRwb3MDMgRjb2xvA3R3MQR2dGlkA1ZJUFRXNzZfMQ--?qid=1007120707830","168604352600_515061785307210",0,0,0
"168604352600","天蠍座(Scorpio) - 10/24~11/22","天蠍座了解人生每條路都好難走，註定了要坎坷就不逃避 ，天蠍座不會問，不會提，難過了就一個人不停地走。不會吵，不會鬧，心痛了用沉默代替。不會哭，不會笑，累了我就會消失一下。天蠍知道，每條………全文分析<U+25BA><U+25BA>http://bit.ly/1sitkhY","2014-07-06T16:00:01+0000","link","http://bit.ly/1sitkhY","168604352600_10152169009112601",11937,167,1680
"168604352600","天蠍座(Scorpio) - 10/24~11/22","再好的朋友有天也會不聯繫了，
再愛的情人有天也可能不愛了。

有你的相伴讓我學會了勇敢，
有你的陪伴讓我不再感孤單，
你是我最值得的牽掛！謝謝你！","2014-07-06T13:09:13+0000","photo","https://www.facebook.com/photo.php?fbid=241821482679604&set=a.235915079936911.1073741827.235913539937065&type=1","168604352600_10152168878507601",9016,34,15
"168604352600","天蠍座(Scorpio) - 10/24~11/22","沒有完美
只有珍惜","2014-07-06T06:25:00+0000","photo","https://www.facebook.com/photo.php?fbid=10152168315077601&set=a.10150304825452601.335630.168604352600&type=1&relevant_count=1","168604352600_10152168474087601",17675,124,3036
"168604352600","天蠍座(Scorpio) - 10/24~11/22",NA,"2014-07-06T03:48:19+0000","status",NA,"168604352600_10152168328687601",0,0,0
"168604352600","天蠍座(Scorpio) - 10/24~11/22","天蠍快來看看七運勢月分析
總之七月一定要多小心
多點注意相信一切會有不錯的事發生","2014-07-05T16:03:38+0000","link","http://littlestar.tw/1116/%E3%80%90%E5%A4%A9%E8%A0%8D%E5%BA%A7%E3%80%912014%E5%B9%B47%E6%9C%88%E4%BB%BD%E6%98%9F%E5%BA%A7%E9%81%8B%E5%8B%A2%E5%88%86%E6%9E%90.html","168604352600_10152167315502601",5451,49,327
"168604352600","天蠍座(Scorpio) - 10/24~11/22","天蠍座寧願硬撐到死也不要別人看到她/他的淚 ，天蠍喜歡獨自思考，喜歡把事情考慮的面面俱到，總是喜歡顯得自己頗有城府，但是天蠍卻是最簡單的人，這就是典型的天蠍座…我們寧願硬撐到死也不要別人看到她………全文分析<U+25BA><U+25BA>http://bit.ly/TVo73K","2014-07-05T14:32:06+0000","link","http://bit.ly/TVo73K","168604352600_10152167192362601",12952,167,1389
"797508523632844","呂淑拉","https://m.facebook.com/doogb2utyoyo
《微笑友情》","2014-07-05T02:14:23+0000","status",NA,"168604352600_10152166263752601",0,0,0
"168604352600","天蠍座(Scorpio) - 10/24~11/22","哈哈哈∼有嗎？有嗎？","2014-07-04T15:38:14+0000","photo","https://www.facebook.com/photo.php?fbid=10152165341117601&set=a.10150304825452601.335630.168604352600&type=1&relevant_count=1","168604352600_10152165341702601",23477,710,3371
"168604352600","天蠍座(Scorpio) - 10/24~11/22","天蠍有著不安的靈魂
有天如果真的定下來了，只求穩穩的∼對吧","2014-07-04T09:10:01+0000","link","http://www.hook.com.tw/archives/5444","168604352600_10152164855312601",7104,42,353
"168604352600","天蠍座(Scorpio) - 10/24~11/22","不管天蠍受過多少傷，起身拍一拍後依然堅強向前行 
天蠍座的人需要經常不斷地處於忙碌之中。動手能力強，喜歡用自己的雙手改善自己的工作和生活環境；喜歡學習，願意更新自己的想法，而不喜歡無所事事和庸…(全文分析<U+25BA><U+25BA>http://bit.ly/17L43le)","2014-07-04T06:50:00+0000","link","http://bit.ly/17L43le","168604352600_10152164724057601",9559,83,972
"168604352600","天蠍座(Scorpio) - 10/24~11/22","有些事天蠍堅持的不可思議！","2014-07-03T15:39:40+0000","link","http://www.hook.com.tw/archives/5478","168604352600_10152163436387601",9218,64,645
"10152525271536291","Yee Jin","http://tw.gigacircle.com/700744-1?r=18825
","2014-07-02T16:15:59+0000","link","http://tw.gigacircle.com/700744-1?r=18825","168604352600_10152495402966291",2,0,0
"168604352600","天蠍座(Scorpio) - 10/24~11/22","天蠍座可以將任何情緒掩蓋在外表之下 ，天蝎座的佔有慾是超級強的，尤其當她認定她是你的情人的時候，只要一點點不妥，一個眼神不對，或是想不軌的念頭讓她有一絲絲的察覺到，一場天翻地覆的………全文分析<U+25BA><U+25BA>http://bit.ly/1o8AVgp","2014-07-02T16:05:01+0000","link","http://bit.ly/1o8AVgp","168604352600_10152161468812601",8947,82,869
"168604352600","天蠍座(Scorpio) - 10/24~11/22","有時候心情差透了，我會說沒事，
有時候心情悶壞了，我會裝沒事。

不知道什麼時候開始，
開始累積許多壞情緒。

滿溢的壞情緒已擋住我的勇氣，
該讓心歸零找回我最初的熱情！","2014-07-02T13:32:44+0000","photo","https://www.facebook.com/photo.php?fbid=241515722710180&set=a.235915079936911.1073741827.235913539937065&type=1","168604352600_10152161242637601",10996,68,24
"744119708984656","簡詩庭","可否問問天蠍座的各位，對雙子男的認知？？？
覺得煩煩的","2014-07-02T07:51:32+0000","status",NA,"168604352600_10152160928792601",5,8,0
"168604352600","天蠍座(Scorpio) - 10/24~11/22","或許這就是天蠍吧！","2014-07-01T16:00:00+0000","link","http://littlestar.tw/682/%E3%80%90%E5%A4%A9%E8%A0%8D%E5%BA%A7%E3%80%91%E7%95%B6%E4%BB%96%E4%B8%8D%E6%84%9B%E4%BD%A0%E7%9A%84%E6%99%82%E5%80%99.html","168604352600_10152159461667601",7978,133,755
"168604352600","天蠍座(Scorpio) - 10/24~11/22","天蠍折磨人的兩大特點
第一：善於冷戰，幾乎不會先示好。不論是朋友還是情侶，在相處時出現分歧，關係不愉快的時候，天蠍一般都採取冷戰，其實這時天蠍不是不在乎，他會………全文分析<U+25BA><U+25BA>http://bit.ly/Tza5ob","2014-07-01T14:05:00+0000","link","http://bit.ly/Tza5ob","168604352600_10152159121937601",10982,201,1208
"168604352600","天蠍座(Scorpio) - 10/24~11/22","低頭的時候我們忍住眼淚，
抬頭的時候我們假裝堅強，

每天我們都有自己的專屬顏色，
別讓挫折奪走你最光彩的顏色。","2014-07-01T07:15:26+0000","photo","https://www.facebook.com/photo.php?fbid=241042782757474&set=a.235915079936911.1073741827.235913539937065&type=1","168604352600_10152158789667601",7857,27,3
"614131368703766","P'ei Han Chang","有時候與眾不同也滿痛苦的","2014-06-30T14:58:52+0000","status",NA,"168604352600_10152157392642601",4,1,0
"319854121458360","森心林-不達景","香氣。

這顆寶石
流露出
一種

獨特
的
香氣

是一種
淡淡
的

味道
有點像水果的
香氣

自然的
香氣
使我著迷

我 是 不 達 景 ， 我 繪 我 會 的 。","2014-06-30T14:21:25+0000","photo","https://www.facebook.com/319854121458360/photos/o.168604352600/567633380013765/?type=1","168604352600_567633380013765",5,0,0
"319854121458360","森心林-不達景","香氣。

這顆寶石
流露出
一種

獨特
的
香氣

是一種
淡淡
的

味道
有點像水果的
香氣

自然的
香氣
使我著迷

我 是 不 達 景 ， 我 繪 我 會 的 。","2014-06-30T14:16:37+0000","photo","https://www.facebook.com/319854121458360/photos/o.168604352600/567629030014200/?type=1","168604352600_567629030014200",6,0,0
"168604352600","天蠍座(Scorpio) - 10/24~11/22","【最能藏得住心事的星座】天蠍座隱藏心事的能力以及持久性是無人能及的。生性喜靜的蠍子對於紅塵俗世的繁華熱鬧一律採取閃避的態度，即使無法遠離喧囂，他們也會抱著局外人的心態，用冷漠的雙眼洞察世間的一切。人們看不懂天蠍，覺得天蠍是個異類：曲高和寡，與一切格格不入，而天蠍也不屑被人看懂。

鎖定更多消息請上<U+25BA><U+25BA> 天蠍座(Scorpio) - 10/24~11/22","2014-06-30T14:11:41+0000","photo","https://www.facebook.com/photo.php?fbid=10152157321027601&set=a.10150304825452601.335630.168604352600&type=1&relevant_count=1","168604352600_10152157321917601",12422,167,1194
"168604352600","天蠍座(Scorpio) - 10/24~11/22","天蠍座是一個愛與恨都同樣暴烈的星座，如果愛了，她們會心甘情願地為心上人作出飛蛾撲火般壯烈的犧牲。但是同樣，她們對自己的戀人也有著對等高度的期待。如果戀人不能讓她們感到對方在庇護自己，會認為對方缺…(全文分析<U+25BA><U+25BA>http://bit.ly/GRdw46)","2014-06-30T05:35:00+0000","link","http://bit.ly/GRdw46","168604352600_10152155549682601",7565,48,550
"1501803013370646","Alice Dai","有人可以<U+5E2E><U+5E2E>我，怎<U+6837>可以追到天蝎男<U+5417>？ ∩__∩","2014-06-29T23:44:39+0000","status",NA,"168604352600_10152156157017601",1,4,0
"168604352600","天蠍座(Scorpio) - 10/24~11/22","天蠍座把眼淚留給了夜晚，可惜你不懂，天蠍座的人忠於自己的想法，冷靜是他們的專長，他們另一面非常擅於保密及掩飾真相，所以有時後難免會給人不好親近跟捉摸不定的感覺，天蠍座是屬於目標導向的星座，一旦有了自己的………全文分析<U+25BA><U+25BA>http://bit.ly/1iQZPDz","2014-06-29T15:39:52+0000","link","http://bit.ly/1iQZPDz","168604352600_10152155265347601",11506,129,1280
"306177692877300","Zhulun Chen","同一個時間煩人的事太多就會爆炸
然後自己一個人安靜一段時間又好了
所以給天蠍一點時間給天蠍一點空間","2014-06-29T10:54:12+0000","status",NA,"168604352600_10152154908707601",6,0,0
"168604352600","天蠍座(Scorpio) - 10/24~11/22","天蠍座戀愛時容易胡思亂想，討厭被忽視，天蠍座對另一半很容易脾氣爆走，因為戀愛時容易胡思亂想，討厭被忽視。但對朋友確又是另一個樣子，鮮少在生氣。但很愛將自己的………全文分析<U+25BA><U+25BA>http://bit.ly/1qEiSkJ","2014-06-28T16:00:01+0000","link","http://bit.ly/1qEiSkJ","168604352600_10152153197112601",9805,141,1004
"216602995164269","雙魚情歌",NA,"2014-06-28T08:20:19+0000","photo","https://www.facebook.com/216602995164269/photos/a.216610565163512.1073741828.216602995164269/324711567686744/?type=1","168604352600_324711931020041",3,0,0
"168604352600","天蠍座(Scorpio) - 10/24~11/22","【天蠍一起來分享】
拍下你現在正前方的“景物”（勿拍螢幕）∼

ps:色情跟非法也請勿拍","2014-06-28T05:39:56+0000","status",NA,"168604352600_10152152605302601",2298,612,2
"168604352600","天蠍座(Scorpio) - 10/24~11/22","天蠍座一個可動可靜的星座，他可以跟陌生人聊得像老朋友一樣，也可以靜到像是不存在一樣，完全取決於當下的心情與感受，也因為這樣的態度，讓有些不熟的朋友覺得蠍子滿難懂的。蠍子總是讓人感覺………全文分析<U+25BA><U+25BA>http://bit.ly/1nLdZnf","2014-06-27T14:10:00+0000","link","http://bit.ly/1nLdZnf","168604352600_10152150996792601",13098,180,1376
"168604352600","天蠍座(Scorpio) - 10/24~11/22","天蠍座很難做人，其實天蠍骨子裡相當孤傲，很喜歡安靜，不喜歡多說話，可又想讓周圍的人因為自己的存在而感到快樂！所以，稍微穩當點的天蠍座會被人說成清高 ，活潑點的就被人說成「輕浮」。 請理解天蠍座，清高的並沒有瞧不起誰，「輕浮」的也只是為了大家能開心。

鎖定更多消息請上<U+25BA><U+25BA> 天蠍座(Scorpio) - 10/24~11/22","2014-06-26T14:05:00+0000","photo","https://www.facebook.com/photo.php?fbid=10152149123077601&set=a.10150304825452601.335630.168604352600&type=1&relevant_count=1","168604352600_10152149426142601",15139,211,1654
"10154417784285232","Jessica Yi Ting Hu","Leave me alone","2014-06-26T07:56:30+0000","status",NA,"168604352600_10152149062612601",0,0,0
"168604352600","天蠍座(Scorpio) - 10/24~11/22","如果你是天蝎座，你有兩樣寶貝，一個是你明亮的眼睛，一個是你明亮眼中流出的淚水，天蝎座的眼睛充滿著孩子般的純真，忽閃忽閃的，天蝎座可以在任何時候表現的.........全文分析<U+25BA><U+25BA>http://bit.ly/1xn3UDM","2014-06-26T05:30:01+0000","status",NA,"168604352600_10152148639477601",7457,47,384
"168604352600","天蠍座(Scorpio) - 10/24~11/22","最近的你，是否也好累！好累∼","2014-06-25T15:00:32+0000","link","http://www.hook.com.tw/archives/5413","168604352600_10152147662032601",15845,451,2107
"922975067728780","馬誌翎","不神秘 就不值得 被珍惜嗎?

<U+7232>甚麼感覺不一樣了就丟下

這樣真的愛過嗎?","2014-06-25T11:25:22+0000","status",NA,"168604352600_10152147451767601",4,0,0
"1452977918290434","Chinsoon Wong",NA,"2014-06-24T16:13:22+0000","photo","https://www.facebook.com/photo.php?fbid=1446591742262385&set=o.168604352600&type=1","168604352600_1446591742262385",1,0,0
"168604352600","天蠍座(Scorpio) - 10/24~11/22","自我矛盾加自我折磨的天蠍，當天蠍和自己的戀人鬧彆扭時，開始的時候他們會很堅決，大到有一種決不首先向對方妥協的勢氣。時間一久，天蠍就開始想對方的好了，於是自己主動找上.....全文分析<U+25BA><U+25BA>http://bit.ly/1lO2wX6","2014-06-24T16:00:00+0000","link","http://bit.ly/1lO2wX6","168604352600_10152145464947601",7846,121,640
"168604352600","天蠍座(Scorpio) - 10/24~11/22","天蠍座喜歡長長久久、細水長流的感情，天蠍座說話一向都是直來直往的，因為他們太討厭虛偽，討厭謊言，討厭欺騙。天蠍常常講話太直，之後會受到了別人的暗箭報復，即使委屈，天蠍座只會覺得莫名其妙，最後會用自己習....全文分析<U+25BA><U+25BA>http://bit.ly/1ixAAGn","2014-06-23T14:00:01+0000","link","http://bit.ly/1ixAAGn","168604352600_10152141272927601",14329,166,1719
"1430687873885620","陳怡君","讚","2014-06-23T06:18:02+0000","status",NA,"168604352600_10152142768357601",4,0,0
"1425549227733810","林欣怡","星座愛情大解析 希望各位帥哥美女可以來幫我們按個讚
https://www.facebook.com/12sds","2014-06-23T03:09:57+0000","link","https://www.facebook.com/12sds","168604352600_1413409392281127",1,0,0
"10201445586336574","林爵安","天蠍的我真心懺悔想挽回魔羯的她……有朋友給點建議嗎？","2014-06-22T14:48:48+0000","status",NA,"168604352600_10152140991202601",3,0,0
"168604352600","天蠍座(Scorpio) - 10/24~11/22","天蠍座懷念一切值得記憶的東西，但很少有人知道他們還懷念。他們愛的比誰都深，所以寂寞。他們鄙薄一切膚淺的囂嚷，也不屑與之為伍，他們對感情要求太高太純粹，所以害怕受傷害，所以容易封閉內心。可一旦被誰誰不小心闖入內心，就好像遇見了千年難逢的知己，其實基本是一廂情願

鎖定更多消息請上<U+25BA><U+25BA> 天蠍座(Scorpio) - 10/24~11/22","2014-06-22T14:17:14+0000","photo","https://www.facebook.com/photo.php?fbid=10152140950142601&set=a.10150304825452601.335630.168604352600&type=1&relevant_count=1","168604352600_10152140950472601",13279,167,1252
"168604352600","天蠍座(Scorpio) - 10/24~11/22","天蠍座雖然有點極端，但一旦愛了，就是百分之百原汁 
天蠍的守愛定力和他們的極端個性是成正比的，不得不承認這完全屬於超級無敵型。一旦愛了，就深深的紮下了情根，不管面對怎樣的狂風暴雨，即使是第三者插足，也動搖不了天蠍想要愛下去的......…全文分析<U+25BA><U+25BA>http://bit.ly/1eYPMsP)","2014-06-22T07:50:00+0000","status",NA,"168604352600_10152140447212601",8913,105,714
"666858016738941","孫琇","57    11  13","2014-06-21T20:12:59+0000","status",NA,"168604352600_10152139682172601",1,1,0
"168604352600","天蠍座(Scorpio) - 10/24~11/22","剛好有人感到很悶嗎？？很悶嗎？？很悶嗎？？","2014-06-21T15:30:00+0000","link","http://www.hook.com.tw/archives/5336","168604352600_10152139225217601",9414,256,932
"168604352600","天蠍座(Scorpio) - 10/24~11/22","可以被天蠍愛上∼我想是很棒！很棒的","2014-06-21T09:27:10+0000","link","http://www.hook.com.tw/archives/5231","168604352600_10152138763567601",12109,167,1193
"777559505598970","薛伊伶","天蠍會在第一眼就認定哪個人可以好好相處嗎？
會因為討厭那個人而不想再有任何接觸甚至完全避掉嗎？
有沒有哪隻蠍也有這種情況呢","2014-06-21T08:09:15+0000","status",NA,"168604352600_10152138651062601",5,2,0
"168604352600","天蠍座(Scorpio) - 10/24~11/22","天蠍一個常常被人誤會的星座，也因為習慣了所以不喜歡解釋自己的行為，除非他真的把你當朋友或是你是重要的另一半，但也因為這個壞習慣，被慣上沒良心難相處的稱號，其實這一切都是因為………全文分析<U+25BA><U+25BA>http://bit.ly/1oPD4Tr","2014-06-20T15:59:54+0000","link","http://bit.ly/1oPD4Tr","168604352600_10152137311062601",10305,95,1097
"293050204208722","商庭蕙",NA,"2014-06-19T16:02:07+0000","photo","https://www.facebook.com/photo.php?fbid=283986061781803&set=o.168604352600&type=1","168604352600_283986061781803",11,0,1
"326353450864023","王燕燕","不知道各位心中會不會有：
『對甚麼人，就要用甚麼態度對他』
或是『你對我怎樣，我會加倍報答你』、『人不犯我我不犯人，人若犯我我必犯人』這些念頭？","2014-06-19T15:27:40+0000","status",NA,"168604352600_10152135230752601",5,2,0
"168604352600","天蠍座(Scorpio) - 10/24~11/22","天蠍座喜歡簡單，腳踩兩條船對天蠍而言是非常麻煩的事，天蠍座特別大方，特別無私，朋友有難，二話不說，儘自己的能力能幫則幫。但骨子裡很有自尊，一般不輕易求別人<U+8AAC>明，除非是和…....全文分析<U+25BA><U+25BA>http://bit.ly/1qv6u8X","2014-06-19T14:00:01+0000","link","http://bit.ly/1qv6u8X","168604352600_10152134830357601",11336,119,1140
"806515262700753","林子皓","我是牡羊男
要怎麼樣才能挽回天蠍女友??
因為被第三者介入，就跟她走了
剛分手時跟她說說話想試者挽回時
太激動了，手抓的太大力了，不小心弄痛了她
讓她有點嚇到
我很後悔自己這樣情緒激動
後來反省之後，好想好想能夠跟她從新開始
最後她被那男的玩的遍體鱗傷
說什麼後來發現跟她只是哥哥、妹妹的感情
我該怎麼辦呢?
我真的好愛好愛她，不想失去她","2014-06-19T08:56:25+0000","status",NA,"168604352600_10152134488307601",2,4,0
"168604352600","天蠍座(Scorpio) - 10/24~11/22","第一名是我們！好到骨子裡啊！！","2014-06-19T06:11:05+0000","photo","https://www.facebook.com/photo.php?fbid=10152134220462601&set=a.10150304825452601.335630.168604352600&type=1&relevant_count=1","168604352600_10152134220552601",33557,798,6702
"520449354768453","雷帝克拉","嗯...天蠍座真的很不錯 ..!!我想說的是女生..啦感覺上她們不說話時 ...嗯 那種神秘感似乎會讓人 著迷 x10000. 感覺..又像是純白的小白兔..而笑起來會讓人小鹿亂撞感覺 所以那種感覺真的是很不錯..!!其實我也知道自己也不要太自以為的(想說...她們心裡所想的我大概都知道 ~想必她們也不喜歡太自以為的人吧 她們既聰明又敏感... 也許身為巨蟹的我..也只是感受性較為強烈吧!! 所以他們也只對跟她相處已久的人接近.. 但也許看到有人故意想對她搭訕不懷好意者..或許她也早對你產生防備之心 所以我想在12星座裡 ...被天蠍女喜歡的男生要知福 該珍惜.. 他們對一人愛的強烈 ；恨也隨之強烈 。 我也希望總有一天會找的那種以上敘述中描述的女孩的","2014-06-19T05:42:12+0000","status",NA,"168604352600_10152134185732601",5,0,0
"520449354768453","雷帝克拉","嗯...天蠍座真的很不錯 ..!!我想說的是女生..啦感覺上她們不說話時 ...嗯 那種神秘感似乎會讓人 著迷 x10000. 感覺..又像是純白的小白兔..而笑起來會讓人小鹿亂撞感覺 所以那種感覺真的是很不錯..!!其實我也知道自己也不太自以為都想說...她們心裡所想的都知道 ~想必她們也不喜歡太自以為的人吧 她們既聰明又敏感... 也許身為巨蟹的我..也只是感受性較為強烈吧!! 所以他們也只對跟她相處已久的人接近.. 但也許看到有人故意想對她搭訕不懷好意者..或許她也早對你產生防備之心 所以我想在12星座裡 ...被天蠍女喜歡的男生要知福 該珍惜.. 他們對一人愛的強烈 ；恨也隨之強烈 。","2014-06-19T04:18:12+0000","status",NA,"168604352600_10152134096702601",1,0,0
"168604352600","天蠍座(Scorpio) - 10/24~11/22","阿！！是誰爆我的料∼哈哈哈","2014-06-18T14:28:08+0000","photo","https://www.facebook.com/photo.php?fbid=10152132902897601&set=a.10150304825452601.335630.168604352600&type=1&relevant_count=1","168604352600_10152132903262601",21428,1155,1635
"168604352600","天蠍座(Scorpio) - 10/24~11/22",NA,"2014-06-17T16:48:39+0000","status",NA,"168604352600_10152131146257601",0,0,0
"168604352600","天蠍座(Scorpio) - 10/24~11/22","不得不說∼這個分析真的有準到
我們天蠍不會主動示好，但絕對是一個可以認識的傢伙∼對吧","2014-06-17T15:30:00+0000","link","http://www.hook.com.tw/archives/5295","168604352600_10152128745332601",11017,97,870
"10202495858973286","Yan Luo","我11月6日的，<U+4F1A>有什么不同<U+5417>？、","2014-06-17T06:01:10+0000","status",NA,"168604352600_10152130411277601",0,1,0
"1467941520120521","張文欣","有11月15的嗎？","2014-06-17T00:21:00+0000","status",NA,"168604352600_10152130013287601",5,4,0
"10152540320014519","Harriz Wong","如果<U+4E13><U+4E1A>可以加上每<U+4E2A>月的天蝎<U+8FD0><U+52BF><U+4F1A>更好~~","2014-06-16T16:14:57+0000","status",NA,"168604352600_10152129191792601",1,0,0
"168604352600","天蠍座(Scorpio) - 10/24~11/22","天蠍座對於朋友，重質不重量，高度要求知心。寧可孤獨，也不違心。對於愛情，寧缺毋濫。寧可抱憾終生，也不苟且湊合。很討厭....全文分析<U+25BA><U+25BA>http://bit.ly/1pAPeyT","2014-06-16T16:00:01+0000","link","http://bit.ly/1pAPeyT","168604352600_10152129029777601",11629,134,1261
"734465529947027","Allen Teng","為什麼痴情的天蠍總要遭到無情的背叛！！！！why!!!!!","2014-06-16T14:35:36+0000","status",NA,"168604352600_10152129018127601",2,1,0
"660759874007796","Gemma Liou","我們有屬於自己天蠍的Line的群組嗎","2014-06-16T13:31:37+0000","status",NA,"168604352600_10152128878832601",0,0,0
